path,gt,pred,conf
data\test\Auto Rickshaws\Auto Rickshaw (104).jpg,Auto Rickshaws,Auto Rickshaws,0.8078
data\test\Auto Rickshaws\Auto Rickshaw (121).jpg,Auto Rickshaws,Auto Rickshaws,0.9288
data\test\Auto Rickshaws\Auto Rickshaw (123).jpg,Auto Rickshaws,Auto Rickshaws,0.8212
data\test\Auto Rickshaws\Auto Rickshaw (126).jpg,Auto Rickshaws,Auto Rickshaws,0.9311
data\test\Auto Rickshaws\Auto Rickshaw (128).jpg,Auto Rickshaws,Auto Rickshaws,0.8900
data\test\Auto Rickshaws\Auto Rickshaw (139).jpg,Auto Rickshaws,Auto Rickshaws,0.9470
data\test\Auto Rickshaws\Auto Rickshaw (140).jpg,Auto Rickshaws,Auto Rickshaws,0.8856
data\test\Auto Rickshaws\Auto Rickshaw (150).jpg,Auto Rickshaws,Auto Rickshaws,0.9157
data\test\Auto Rickshaws\Auto Rickshaw (16).jpg,Auto Rickshaws,Auto Rickshaws,0.9375
data\test\Auto Rickshaws\Auto Rickshaw (163).jpg,Auto Rickshaws,Auto Rickshaws,0.9343
data\test\Auto Rickshaws\Auto Rickshaw (165).jpg,Auto Rickshaws,Auto Rickshaws,0.9337
data\test\Auto Rickshaws\Auto Rickshaw (171).jpg,Auto Rickshaws,Auto Rickshaws,0.9270
data\test\Auto Rickshaws\Auto Rickshaw (172).jpg,Auto Rickshaws,Auto Rickshaws,0.8828
data\test\Auto Rickshaws\Auto Rickshaw (18).jpg,Auto Rickshaws,Auto Rickshaws,0.9071
data\test\Auto Rickshaws\Auto Rickshaw (184).jpg,Auto Rickshaws,Auto Rickshaws,0.9299
data\test\Auto Rickshaws\Auto Rickshaw (185).jpg,Auto Rickshaws,Auto Rickshaws,0.9246
data\test\Auto Rickshaws\Auto Rickshaw (189).jpg,Auto Rickshaws,Auto Rickshaws,0.8583
data\test\Auto Rickshaws\Auto Rickshaw (192).jpg,Auto Rickshaws,Auto Rickshaws,0.9330
data\test\Auto Rickshaws\Auto Rickshaw (193).jpg,Auto Rickshaws,Auto Rickshaws,0.9215
data\test\Auto Rickshaws\Auto Rickshaw (201).png,Auto Rickshaws,Auto Rickshaws,0.9070
data\test\Auto Rickshaws\Auto Rickshaw (213).jpg,Auto Rickshaws,Auto Rickshaws,0.9244
data\test\Auto Rickshaws\Auto Rickshaw (227).jpg,Auto Rickshaws,Auto Rickshaws,0.9427
data\test\Auto Rickshaws\Auto Rickshaw (230).jpg,Auto Rickshaws,Auto Rickshaws,0.9320
data\test\Auto Rickshaws\Auto Rickshaw (242).PNG,Auto Rickshaws,Auto Rickshaws,0.9392
data\test\Auto Rickshaws\Auto Rickshaw (246).jpg,Auto Rickshaws,Auto Rickshaws,0.9064
data\test\Auto Rickshaws\Auto Rickshaw (249).jpg,Auto Rickshaws,Auto Rickshaws,0.8239
data\test\Auto Rickshaws\Auto Rickshaw (25).jpg,Auto Rickshaws,Auto Rickshaws,0.9147
data\test\Auto Rickshaws\Auto Rickshaw (257).jpg,Auto Rickshaws,Auto Rickshaws,0.9152
data\test\Auto Rickshaws\Auto Rickshaw (276).jpg,Auto Rickshaws,Auto Rickshaws,0.9334
data\test\Auto Rickshaws\Auto Rickshaw (282).jpg,Auto Rickshaws,Auto Rickshaws,0.9605
data\test\Auto Rickshaws\Auto Rickshaw (292).png,Auto Rickshaws,Auto Rickshaws,0.7945
data\test\Auto Rickshaws\Auto Rickshaw (294).jpg,Auto Rickshaws,Auto Rickshaws,0.8850
data\test\Auto Rickshaws\Auto Rickshaw (295).jpg,Auto Rickshaws,Auto Rickshaws,0.8997
data\test\Auto Rickshaws\Auto Rickshaw (298).jpg,Auto Rickshaws,Auto Rickshaws,0.8994
data\test\Auto Rickshaws\Auto Rickshaw (30).jpg,Auto Rickshaws,Auto Rickshaws,0.8605
data\test\Auto Rickshaws\Auto Rickshaw (300).jpg,Auto Rickshaws,Cars,0.8373
data\test\Auto Rickshaws\Auto Rickshaw (301).jpg,Auto Rickshaws,Auto Rickshaws,0.9258
data\test\Auto Rickshaws\Auto Rickshaw (304).jpg,Auto Rickshaws,Auto Rickshaws,0.8918
data\test\Auto Rickshaws\Auto Rickshaw (309).jpg,Auto Rickshaws,Auto Rickshaws,0.9471
data\test\Auto Rickshaws\Auto Rickshaw (31).jpg,Auto Rickshaws,Auto Rickshaws,0.8765
data\test\Auto Rickshaws\Auto Rickshaw (313).jpg,Auto Rickshaws,Auto Rickshaws,0.8921
data\test\Auto Rickshaws\Auto Rickshaw (324).jpg,Auto Rickshaws,Auto Rickshaws,0.8942
data\test\Auto Rickshaws\Auto Rickshaw (342).jpg,Auto Rickshaws,Auto Rickshaws,0.9394
data\test\Auto Rickshaws\Auto Rickshaw (343).jpg,Auto Rickshaws,Auto Rickshaws,0.8975
data\test\Auto Rickshaws\Auto Rickshaw (345).png,Auto Rickshaws,Auto Rickshaws,0.8254
data\test\Auto Rickshaws\Auto Rickshaw (346).jpg,Auto Rickshaws,Auto Rickshaws,0.8917
data\test\Auto Rickshaws\Auto Rickshaw (348).jpg,Auto Rickshaws,Auto Rickshaws,0.9410
data\test\Auto Rickshaws\Auto Rickshaw (352).jpg,Auto Rickshaws,Auto Rickshaws,0.9527
data\test\Auto Rickshaws\Auto Rickshaw (355).jpg,Auto Rickshaws,Auto Rickshaws,0.9180
data\test\Auto Rickshaws\Auto Rickshaw (366).jpg,Auto Rickshaws,Auto Rickshaws,0.8746
data\test\Auto Rickshaws\Auto Rickshaw (37).jpg,Auto Rickshaws,Auto Rickshaws,0.9182
data\test\Auto Rickshaws\Auto Rickshaw (39).jpg,Auto Rickshaws,Auto Rickshaws,0.6665
data\test\Auto Rickshaws\Auto Rickshaw (390).JPG,Auto Rickshaws,Auto Rickshaws,0.9238
data\test\Auto Rickshaws\Auto Rickshaw (399).jpg,Auto Rickshaws,Auto Rickshaws,0.9065
data\test\Auto Rickshaws\Auto Rickshaw (409).JPG,Auto Rickshaws,Auto Rickshaws,0.9334
data\test\Auto Rickshaws\Auto Rickshaw (412).jpg,Auto Rickshaws,Auto Rickshaws,0.9407
data\test\Auto Rickshaws\Auto Rickshaw (416).jpg,Auto Rickshaws,Auto Rickshaws,0.9393
data\test\Auto Rickshaws\Auto Rickshaw (426).jpg,Auto Rickshaws,Auto Rickshaws,0.9251
data\test\Auto Rickshaws\Auto Rickshaw (43).jpg,Auto Rickshaws,Auto Rickshaws,0.8977
data\test\Auto Rickshaws\Auto Rickshaw (432).jpg,Auto Rickshaws,Auto Rickshaws,0.9206
data\test\Auto Rickshaws\Auto Rickshaw (435).jpg,Auto Rickshaws,Auto Rickshaws,0.8779
data\test\Auto Rickshaws\Auto Rickshaw (440).jpg,Auto Rickshaws,Auto Rickshaws,0.9166
data\test\Auto Rickshaws\Auto Rickshaw (448).jpg,Auto Rickshaws,Auto Rickshaws,0.8468
data\test\Auto Rickshaws\Auto Rickshaw (449).jpg,Auto Rickshaws,Auto Rickshaws,0.9415
data\test\Auto Rickshaws\Auto Rickshaw (45).jpg,Auto Rickshaws,Auto Rickshaws,0.9419
data\test\Auto Rickshaws\Auto Rickshaw (464).jpg,Auto Rickshaws,Auto Rickshaws,0.6665
data\test\Auto Rickshaws\Auto Rickshaw (469).jpg,Auto Rickshaws,Auto Rickshaws,0.8714
data\test\Auto Rickshaws\Auto Rickshaw (486).jpg,Auto Rickshaws,Auto Rickshaws,0.9291
data\test\Auto Rickshaws\Auto Rickshaw (489).jpg,Auto Rickshaws,Auto Rickshaws,0.6590
data\test\Auto Rickshaws\Auto Rickshaw (512).JPG,Auto Rickshaws,Auto Rickshaws,0.9502
data\test\Auto Rickshaws\Auto Rickshaw (517).jpg,Auto Rickshaws,Auto Rickshaws,0.8397
data\test\Auto Rickshaws\Auto Rickshaw (521).jpg,Auto Rickshaws,Auto Rickshaws,0.8600
data\test\Auto Rickshaws\Auto Rickshaw (522).jpg,Auto Rickshaws,Auto Rickshaws,0.9032
data\test\Auto Rickshaws\Auto Rickshaw (525).jpg,Auto Rickshaws,Auto Rickshaws,0.9376
data\test\Auto Rickshaws\Auto Rickshaw (56).jpg,Auto Rickshaws,Auto Rickshaws,0.9293
data\test\Auto Rickshaws\Auto Rickshaw (565).jpg,Auto Rickshaws,Auto Rickshaws,0.9632
data\test\Auto Rickshaws\Auto Rickshaw (591).png,Auto Rickshaws,Auto Rickshaws,0.8905
data\test\Auto Rickshaws\Auto Rickshaw (594).jpg,Auto Rickshaws,Auto Rickshaws,0.8779
data\test\Auto Rickshaws\Auto Rickshaw (601).jpg,Auto Rickshaws,Auto Rickshaws,0.9364
data\test\Auto Rickshaws\Auto Rickshaw (608).jpg,Auto Rickshaws,Auto Rickshaws,0.9395
data\test\Auto Rickshaws\Auto Rickshaw (612).jpg,Auto Rickshaws,Auto Rickshaws,0.9310
data\test\Auto Rickshaws\Auto Rickshaw (616).jpg,Auto Rickshaws,Auto Rickshaws,0.7866
data\test\Auto Rickshaws\Auto Rickshaw (621).jpg,Auto Rickshaws,Cars,0.9172
data\test\Auto Rickshaws\Auto Rickshaw (631).jpg,Auto Rickshaws,Auto Rickshaws,0.6798
data\test\Auto Rickshaws\Auto Rickshaw (642).JPG,Auto Rickshaws,Auto Rickshaws,0.8108
data\test\Auto Rickshaws\Auto Rickshaw (643).jpg,Auto Rickshaws,Auto Rickshaws,0.9234
data\test\Auto Rickshaws\Auto Rickshaw (654).jpg,Auto Rickshaws,Auto Rickshaws,0.8304
data\test\Auto Rickshaws\Auto Rickshaw (656).jpg,Auto Rickshaws,Auto Rickshaws,0.8877
data\test\Auto Rickshaws\Auto Rickshaw (660).jpg,Auto Rickshaws,Auto Rickshaws,0.9515
data\test\Auto Rickshaws\Auto Rickshaw (67).jpg,Auto Rickshaws,Auto Rickshaws,0.9278
data\test\Auto Rickshaws\Auto Rickshaw (679).jpg,Auto Rickshaws,Auto Rickshaws,0.9056
data\test\Auto Rickshaws\Auto Rickshaw (685).jpg,Auto Rickshaws,Auto Rickshaws,0.9142
data\test\Auto Rickshaws\Auto Rickshaw (689).jpg,Auto Rickshaws,Auto Rickshaws,0.9166
data\test\Auto Rickshaws\Auto Rickshaw (69).jpg,Auto Rickshaws,Auto Rickshaws,0.9302
data\test\Auto Rickshaws\Auto Rickshaw (692).jpg,Auto Rickshaws,Auto Rickshaws,0.9359
data\test\Auto Rickshaws\Auto Rickshaw (697).jpg,Auto Rickshaws,Auto Rickshaws,0.9424
data\test\Auto Rickshaws\Auto Rickshaw (699).jpg,Auto Rickshaws,Auto Rickshaws,0.9407
data\test\Auto Rickshaws\Auto Rickshaw (703).jpg,Auto Rickshaws,Auto Rickshaws,0.9469
data\test\Auto Rickshaws\Auto Rickshaw (709).jpg,Auto Rickshaws,Auto Rickshaws,0.8140
data\test\Auto Rickshaws\Auto Rickshaw (717).jpg,Auto Rickshaws,Auto Rickshaws,0.9344
data\test\Auto Rickshaws\Auto Rickshaw (722).jpg,Auto Rickshaws,Auto Rickshaws,0.8891
data\test\Auto Rickshaws\Auto Rickshaw (729).jpg,Auto Rickshaws,Auto Rickshaws,0.9417
data\test\Auto Rickshaws\Auto Rickshaw (742).jpg,Auto Rickshaws,Auto Rickshaws,0.8922
data\test\Auto Rickshaws\Auto Rickshaw (746).jpg,Auto Rickshaws,Auto Rickshaws,0.8995
data\test\Auto Rickshaws\Auto Rickshaw (749).jpg,Auto Rickshaws,Auto Rickshaws,0.9683
data\test\Auto Rickshaws\Auto Rickshaw (75).jpg,Auto Rickshaws,Auto Rickshaws,0.9541
data\test\Auto Rickshaws\Auto Rickshaw (76).jpg,Auto Rickshaws,Auto Rickshaws,0.9018
data\test\Auto Rickshaws\Auto Rickshaw (778).jpg,Auto Rickshaws,Auto Rickshaws,0.8766
data\test\Auto Rickshaws\Auto Rickshaw (779).JPG,Auto Rickshaws,Auto Rickshaws,0.9124
data\test\Auto Rickshaws\Auto Rickshaw (782).jpg,Auto Rickshaws,Auto Rickshaws,0.9282
data\test\Auto Rickshaws\Auto Rickshaw (783).jpg,Auto Rickshaws,Auto Rickshaws,0.9326
data\test\Auto Rickshaws\Auto Rickshaw (789).jpg,Auto Rickshaws,Cars,0.6182
data\test\Auto Rickshaws\Auto Rickshaw (800).jpg,Auto Rickshaws,Auto Rickshaws,0.7776
data\test\Auto Rickshaws\Auto Rickshaw (84).jpg,Auto Rickshaws,Auto Rickshaws,0.9157
data\test\Auto Rickshaws\Auto Rickshaw (85).jpg,Auto Rickshaws,Auto Rickshaws,0.9161
data\test\Auto Rickshaws\Auto Rickshaw (88).jpg,Auto Rickshaws,Cars,0.5425
data\test\Auto Rickshaws\Auto Rickshaw (90).jpg,Auto Rickshaws,Auto Rickshaws,0.9286
data\test\Auto Rickshaws\Auto Rickshaw (92).jpg,Auto Rickshaws,Auto Rickshaws,0.8398
data\test\Auto Rickshaws\Auto Rickshaw (94).jpg,Auto Rickshaws,Auto Rickshaws,0.9300
data\test\Auto Rickshaws\Auto Rickshaw (96).jpg,Auto Rickshaws,Auto Rickshaws,0.9560
data\test\Bikes\Bike (11).jpg,Bikes,Motorcycles,0.5066
data\test\Bikes\Bike (111).jpg,Bikes,Bikes,0.9291
data\test\Bikes\Bike (114).jpg,Bikes,Bikes,0.9153
data\test\Bikes\Bike (140).jpg,Bikes,Bikes,0.9156
data\test\Bikes\Bike (146).jpg,Bikes,Bikes,0.9314
data\test\Bikes\Bike (148).jpg,Bikes,Bikes,0.9228
data\test\Bikes\Bike (149).jpg,Bikes,Bikes,0.9083
data\test\Bikes\Bike (154).jpg,Bikes,Bikes,0.9528
data\test\Bikes\Bike (159).jpg,Bikes,Bikes,0.9282
data\test\Bikes\Bike (167).jpg,Bikes,Bikes,0.9268
data\test\Bikes\Bike (178).jpg,Bikes,Bikes,0.9203
data\test\Bikes\Bike (185).jpg,Bikes,Bikes,0.9146
data\test\Bikes\Bike (190).jpg,Bikes,Bikes,0.9180
data\test\Bikes\Bike (191).jpg,Bikes,Bikes,0.9196
data\test\Bikes\Bike (194).jpg,Bikes,Bikes,0.9168
data\test\Bikes\Bike (203).jpg,Bikes,Bikes,0.9320
data\test\Bikes\Bike (208).jpg,Bikes,Bikes,0.9216
data\test\Bikes\Bike (209).jpg,Bikes,Bikes,0.8933
data\test\Bikes\Bike (21).jpg,Bikes,Bikes,0.9435
data\test\Bikes\Bike (215).jpg,Bikes,Bikes,0.9243
data\test\Bikes\Bike (236).jpg,Bikes,Bikes,0.9406
data\test\Bikes\Bike (239).jpg,Bikes,Bikes,0.9474
data\test\Bikes\Bike (264).jpg,Bikes,Bikes,0.9086
data\test\Bikes\Bike (269).jpg,Bikes,Bikes,0.9260
data\test\Bikes\Bike (27).jpg,Bikes,Bikes,0.9214
data\test\Bikes\Bike (276).jpg,Bikes,Bikes,0.9252
data\test\Bikes\Bike (277).jpg,Bikes,Bikes,0.9148
data\test\Bikes\Bike (278).jpg,Bikes,Bikes,0.9365
data\test\Bikes\Bike (299).jpg,Bikes,Bikes,0.9266
data\test\Bikes\Bike (302).jpg,Bikes,Bikes,0.9270
data\test\Bikes\Bike (307).jpg,Bikes,Bikes,0.9380
data\test\Bikes\Bike (308).jpg,Bikes,Bikes,0.9362
data\test\Bikes\Bike (311).jpg,Bikes,Bikes,0.9382
data\test\Bikes\Bike (320).jpg,Bikes,Bikes,0.9271
data\test\Bikes\Bike (323).jpg,Bikes,Bikes,0.9068
data\test\Bikes\Bike (328).jpg,Bikes,Bikes,0.9146
data\test\Bikes\Bike (330).jpg,Bikes,Bikes,0.9183
data\test\Bikes\Bike (331).jpg,Bikes,Bikes,0.8988
data\test\Bikes\Bike (349).jpg,Bikes,Bikes,0.9443
data\test\Bikes\Bike (351).jpg,Bikes,Bikes,0.9201
data\test\Bikes\Bike (354).jpg,Bikes,Bikes,0.9161
data\test\Bikes\Bike (36).jpg,Bikes,Bikes,0.9441
data\test\Bikes\Bike (361).jpg,Bikes,Bikes,0.9350
data\test\Bikes\Bike (369).jpg,Bikes,Bikes,0.9263
data\test\Bikes\Bike (370).jpg,Bikes,Bikes,0.9016
data\test\Bikes\Bike (372).jpg,Bikes,Bikes,0.9407
data\test\Bikes\Bike (373).jpg,Bikes,Bikes,0.9124
data\test\Bikes\Bike (378).jpg,Bikes,Bikes,0.9251
data\test\Bikes\Bike (38).jpg,Bikes,Bikes,0.9424
data\test\Bikes\Bike (380).jpg,Bikes,Bikes,0.9154
data\test\Bikes\Bike (381).jpg,Bikes,Bikes,0.9180
data\test\Bikes\Bike (390).jpg,Bikes,Motorcycles,0.5474
data\test\Bikes\Bike (403).jpg,Bikes,Bikes,0.9231
data\test\Bikes\Bike (412).jpg,Bikes,Bikes,0.8615
data\test\Bikes\Bike (416).jpg,Bikes,Bikes,0.9278
data\test\Bikes\Bike (423).jpg,Bikes,Bikes,0.9300
data\test\Bikes\Bike (431).jpg,Bikes,Bikes,0.9264
data\test\Bikes\Bike (439).jpg,Bikes,Bikes,0.9334
data\test\Bikes\Bike (45).jpg,Bikes,Bikes,0.9249
data\test\Bikes\Bike (469).jpg,Bikes,Bikes,0.9374
data\test\Bikes\Bike (472).jpg,Bikes,Bikes,0.9297
data\test\Bikes\Bike (483).jpg,Bikes,Bikes,0.9228
data\test\Bikes\Bike (491).jpg,Bikes,Bikes,0.9120
data\test\Bikes\Bike (495).jpg,Bikes,Bikes,0.9375
data\test\Bikes\Bike (505).jpg,Bikes,Bikes,0.9326
data\test\Bikes\Bike (507).jpg,Bikes,Bikes,0.9063
data\test\Bikes\Bike (511).jpg,Bikes,Bikes,0.7034
data\test\Bikes\Bike (514).jpg,Bikes,Bikes,0.9402
data\test\Bikes\Bike (517).jpg,Bikes,Bikes,0.9390
data\test\Bikes\Bike (531).jpg,Bikes,Bikes,0.9427
data\test\Bikes\Bike (535).jpg,Bikes,Bikes,0.8731
data\test\Bikes\Bike (538).jpg,Bikes,Bikes,0.9600
data\test\Bikes\Bike (54).jpg,Bikes,Bikes,0.9402
data\test\Bikes\Bike (540).jpg,Bikes,Bikes,0.9050
data\test\Bikes\Bike (545).jpg,Bikes,Bikes,0.9223
data\test\Bikes\Bike (55).jpg,Bikes,Bikes,0.9220
data\test\Bikes\Bike (551).jpg,Bikes,Bikes,0.8747
data\test\Bikes\Bike (552).jpg,Bikes,Bikes,0.9155
data\test\Bikes\Bike (581).jpg,Bikes,Bikes,0.9369
data\test\Bikes\Bike (583).jpg,Bikes,Bikes,0.9279
data\test\Bikes\Bike (589).jpg,Bikes,Bikes,0.9378
data\test\Bikes\Bike (591).jpg,Bikes,Bikes,0.9285
data\test\Bikes\Bike (593).jpg,Bikes,Bikes,0.9170
data\test\Bikes\Bike (606).jpg,Bikes,Bikes,0.9286
data\test\Bikes\Bike (609).jpg,Bikes,Bikes,0.9194
data\test\Bikes\Bike (610).jpg,Bikes,Bikes,0.9320
data\test\Bikes\Bike (613).jpg,Bikes,Bikes,0.9182
data\test\Bikes\Bike (618).jpg,Bikes,Bikes,0.9129
data\test\Bikes\Bike (623).jpg,Bikes,Bikes,0.9096
data\test\Bikes\Bike (628).jpg,Bikes,Bikes,0.9587
data\test\Bikes\Bike (630).jpg,Bikes,Bikes,0.9435
data\test\Bikes\Bike (635).jpg,Bikes,Bikes,0.9382
data\test\Bikes\Bike (641).jpg,Bikes,Bikes,0.8641
data\test\Bikes\Bike (642).jpg,Bikes,Bikes,0.8740
data\test\Bikes\Bike (649).jpg,Bikes,Bikes,0.9108
data\test\Bikes\Bike (65).jpg,Bikes,Bikes,0.8967
data\test\Bikes\Bike (658).jpg,Bikes,Bikes,0.9110
data\test\Bikes\Bike (661).jpg,Bikes,Bikes,0.9192
data\test\Bikes\Bike (67).jpg,Bikes,Bikes,0.9460
data\test\Bikes\Bike (671).jpg,Bikes,Bikes,0.9439
data\test\Bikes\Bike (68).jpg,Bikes,Bikes,0.9250
data\test\Bikes\Bike (688).jpg,Bikes,Bikes,0.9350
data\test\Bikes\Bike (695).jpg,Bikes,Bikes,0.8704
data\test\Bikes\Bike (710).jpg,Bikes,Bikes,0.9382
data\test\Bikes\Bike (731).jpg,Bikes,Bikes,0.9259
data\test\Bikes\Bike (735).jpg,Bikes,Bikes,0.9097
data\test\Bikes\Bike (736).jpg,Bikes,Bikes,0.8981
data\test\Bikes\Bike (737).jpg,Bikes,Bikes,0.9235
data\test\Bikes\Bike (742).jpg,Bikes,Bikes,0.9297
data\test\Bikes\Bike (747).jpg,Bikes,Bikes,0.9310
data\test\Bikes\Bike (752).jpg,Bikes,Bikes,0.9311
data\test\Bikes\Bike (755).jpg,Bikes,Bikes,0.9102
data\test\Bikes\Bike (762).jpg,Bikes,Bikes,0.9145
data\test\Bikes\Bike (764).jpg,Bikes,Bikes,0.9357
data\test\Bikes\Bike (767).jpg,Bikes,Bikes,0.9191
data\test\Bikes\Bike (787).jpg,Bikes,Bikes,0.9251
data\test\Bikes\Bike (799).jpg,Bikes,Bikes,0.9183
data\test\Bikes\Bike (8).jpg,Bikes,Bikes,0.9321
data\test\Bikes\Bike (83).jpg,Bikes,Bikes,0.8881
data\test\Bikes\Bike (91).jpg,Bikes,Bikes,0.8882
data\test\Cars\Car (116).jpg,Cars,Cars,0.9477
data\test\Cars\Car (118).jpg,Cars,Cars,0.9475
data\test\Cars\Car (133).jpg,Cars,Cars,0.9442
data\test\Cars\Car (138).jpg,Cars,Cars,0.9004
data\test\Cars\Car (150).jpg,Cars,Cars,0.8429
data\test\Cars\Car (151).jpg,Cars,Cars,0.9364
data\test\Cars\Car (161).jpg,Cars,Cars,0.9194
data\test\Cars\Car (165).jpg,Cars,Cars,0.9040
data\test\Cars\Car (167).jpg,Cars,Cars,0.9355
data\test\Cars\Car (169).jpg,Cars,Cars,0.9095
data\test\Cars\Car (17).jpg,Cars,Cars,0.9269
data\test\Cars\Car (170).jpg,Cars,Cars,0.9524
data\test\Cars\Car (171).jpg,Cars,Cars,0.9192
data\test\Cars\Car (180).jpg,Cars,Cars,0.8972
data\test\Cars\Car (182).jpg,Cars,Cars,0.9294
data\test\Cars\Car (195).jpg,Cars,Cars,0.9265
data\test\Cars\Car (198).jpg,Cars,Cars,0.9387
data\test\Cars\Car (205).jpg,Cars,Cars,0.9326
data\test\Cars\Car (206).jpg,Cars,Cars,0.9144
data\test\Cars\Car (22).jpg,Cars,Cars,0.7801
data\test\Cars\Car (235).jpg,Cars,Cars,0.9188
data\test\Cars\Car (237).jpg,Cars,Cars,0.9538
data\test\Cars\Car (24).jpg,Cars,Cars,0.8900
data\test\Cars\Car (241).jpg,Cars,Cars,0.9336
data\test\Cars\Car (256).jpg,Cars,Motorcycles,0.4739
data\test\Cars\Car (259).jpg,Cars,Cars,0.9296
data\test\Cars\Car (260).jpg,Cars,Cars,0.9100
data\test\Cars\Car (262).jpg,Cars,Cars,0.9210
data\test\Cars\Car (264).jpg,Cars,Cars,0.8885
data\test\Cars\Car (28).jpg,Cars,Cars,0.9567
data\test\Cars\Car (283).jpg,Cars,Cars,0.9657
data\test\Cars\Car (304).jpg,Cars,Cars,0.9434
data\test\Cars\Car (312).jpg,Cars,Cars,0.9394
data\test\Cars\Car (318).jpg,Cars,Cars,0.9180
data\test\Cars\Car (325).jpg,Cars,Cars,0.9530
data\test\Cars\Car (337).jpg,Cars,Cars,0.8494
data\test\Cars\Car (354).jpg,Cars,Cars,0.9365
data\test\Cars\Car (365).jpg,Cars,Cars,0.9120
data\test\Cars\Car (368).jpg,Cars,Cars,0.9173
data\test\Cars\Car (380).jpg,Cars,Cars,0.9300
data\test\Cars\Car (387).jpg,Cars,Cars,0.9026
data\test\Cars\Car (39).jpg,Cars,Cars,0.9383
data\test\Cars\Car (392).jpg,Cars,Cars,0.9348
data\test\Cars\Car (399).jpg,Cars,Cars,0.9399
data\test\Cars\Car (40).jpg,Cars,Cars,0.9444
data\test\Cars\Car (408).jpg,Cars,Cars,0.9512
data\test\Cars\Car (413).jpg,Cars,Cars,0.8815
data\test\Cars\Car (423).jpg,Cars,Cars,0.9276
data\test\Cars\Car (425).jpg,Cars,Cars,0.9326
data\test\Cars\Car (426).jpg,Cars,Cars,0.9549
data\test\Cars\Car (428).jpg,Cars,Cars,0.9201
data\test\Cars\Car (435).jpg,Cars,Cars,0.9100
data\test\Cars\Car (441).jpg,Cars,Cars,0.9504
data\test\Cars\Car (452).jpg,Cars,Cars,0.9466
data\test\Cars\Car (456).jpg,Cars,Cars,0.9199
data\test\Cars\Car (467).jpg,Cars,Cars,0.9505
data\test\Cars\Car (468).jpg,Cars,Cars,0.9080
data\test\Cars\Car (471).jpg,Cars,Cars,0.8790
data\test\Cars\Car (475).jpg,Cars,Cars,0.9157
data\test\Cars\Car (488).jpg,Cars,Cars,0.9480
data\test\Cars\Car (5).jpg,Cars,Cars,0.9170
data\test\Cars\Car (500).jpg,Cars,Cars,0.6455
data\test\Cars\Car (506).jpg,Cars,Cars,0.9000
data\test\Cars\Car (507).jpg,Cars,Cars,0.9083
data\test\Cars\Car (51).jpg,Cars,Cars,0.9338
data\test\Cars\Car (511).jpg,Cars,Cars,0.9358
data\test\Cars\Car (518).jpg,Cars,Cars,0.9011
data\test\Cars\Car (521).jpg,Cars,Cars,0.9522
data\test\Cars\Car (529).jpg,Cars,Cars,0.9410
data\test\Cars\Car (53).jpg,Cars,Cars,0.9234
data\test\Cars\Car (530).jpg,Cars,Cars,0.9538
data\test\Cars\Car (531).jpg,Cars,Cars,0.9239
data\test\Cars\Car (533).jpg,Cars,Cars,0.9219
data\test\Cars\Car (538).jpg,Cars,Cars,0.9344
data\test\Cars\Car (561).jpg,Cars,Cars,0.9381
data\test\Cars\Car (565).jpg,Cars,Cars,0.9402
data\test\Cars\Car (568).jpg,Cars,Cars,0.9507
data\test\Cars\Car (575).jpg,Cars,Cars,0.9544
data\test\Cars\Car (578).jpg,Cars,Cars,0.9135
data\test\Cars\Car (591).jpg,Cars,Cars,0.9184
data\test\Cars\Car (598).jpg,Cars,Cars,0.9380
data\test\Cars\Car (6).jpg,Cars,Cars,0.9231
data\test\Cars\Car (623).jpg,Cars,Cars,0.9323
data\test\Cars\Car (628).jpg,Cars,Cars,0.9276
data\test\Cars\Car (629).jpg,Cars,Cars,0.9335
data\test\Cars\Car (637).jpg,Cars,Cars,0.8956
data\test\Cars\Car (639).jpg,Cars,Cars,0.8482
data\test\Cars\Car (642).jpg,Cars,Cars,0.9228
data\test\Cars\Car (643).jpg,Cars,Cars,0.9263
data\test\Cars\Car (651).jpg,Cars,Cars,0.9095
data\test\Cars\Car (653).jpg,Cars,Cars,0.9388
data\test\Cars\Car (656).jpg,Cars,Cars,0.9213
data\test\Cars\Car (663).jpg,Cars,Cars,0.9345
data\test\Cars\Car (675).jpg,Cars,Cars,0.8895
data\test\Cars\Car (678).jpg,Cars,Cars,0.9214
data\test\Cars\Car (684).jpg,Cars,Cars,0.9305
data\test\Cars\Car (687).jpg,Cars,Cars,0.9030
data\test\Cars\Car (688).jpg,Cars,Cars,0.9119
data\test\Cars\Car (690).jpg,Cars,Cars,0.7146
data\test\Cars\Car (692).jpg,Cars,Cars,0.9589
data\test\Cars\Car (694).jpg,Cars,Cars,0.9265
data\test\Cars\Car (699).jpg,Cars,Cars,0.9070
data\test\Cars\Car (700).jpg,Cars,Cars,0.9171
data\test\Cars\Car (702).jpg,Cars,Cars,0.9204
data\test\Cars\Car (712).jpg,Cars,Cars,0.8310
data\test\Cars\Car (724).jpg,Cars,Cars,0.9423
data\test\Cars\Car (728).jpg,Cars,Cars,0.9279
data\test\Cars\Car (736).jpg,Cars,Cars,0.9245
data\test\Cars\Car (744).jpg,Cars,Cars,0.9476
data\test\Cars\Car (757).jpg,Cars,Cars,0.9195
data\test\Cars\Car (762).jpg,Cars,Cars,0.9087
data\test\Cars\Car (77).jpg,Cars,Cars,0.9106
data\test\Cars\Car (770).jpg,Cars,Cars,0.9374
data\test\Cars\Car (775).jpg,Cars,Cars,0.9161
data\test\Cars\Car (792).jpg,Cars,Cars,0.9176
data\test\Cars\Car (796).jpg,Cars,Cars,0.9332
data\test\Cars\Car (797).jpg,Cars,Cars,0.9290
data\test\Cars\Car (83).jpg,Cars,Cars,0.9253
data\test\Cars\Car (98).jpg,Cars,Cars,0.9266
data\test\Motorcycles\Motorcycle (103).jpg,Motorcycles,Motorcycles,0.9051
data\test\Motorcycles\Motorcycle (138).jpg,Motorcycles,Motorcycles,0.9070
data\test\Motorcycles\Motorcycle (145).jpg,Motorcycles,Motorcycles,0.9322
data\test\Motorcycles\Motorcycle (147).jpg,Motorcycles,Motorcycles,0.7405
data\test\Motorcycles\Motorcycle (153).jpg,Motorcycles,Motorcycles,0.9280
data\test\Motorcycles\Motorcycle (156).jpg,Motorcycles,Motorcycles,0.9227
data\test\Motorcycles\Motorcycle (171).jpg,Motorcycles,Motorcycles,0.9228
data\test\Motorcycles\Motorcycle (181).jpg,Motorcycles,Motorcycles,0.9186
data\test\Motorcycles\Motorcycle (191).jpg,Motorcycles,Motorcycles,0.8416
data\test\Motorcycles\Motorcycle (2).jpg,Motorcycles,Motorcycles,0.8387
data\test\Motorcycles\Motorcycle (210).jpg,Motorcycles,Motorcycles,0.9068
data\test\Motorcycles\Motorcycle (225).jpg,Motorcycles,Motorcycles,0.9334
data\test\Motorcycles\Motorcycle (226).jpg,Motorcycles,Motorcycles,0.9104
data\test\Motorcycles\Motorcycle (233).jpg,Motorcycles,Motorcycles,0.8323
data\test\Motorcycles\Motorcycle (239).jpg,Motorcycles,Motorcycles,0.9020
data\test\Motorcycles\Motorcycle (244).jpg,Motorcycles,Motorcycles,0.8963
data\test\Motorcycles\Motorcycle (259).jpg,Motorcycles,Motorcycles,0.8745
data\test\Motorcycles\Motorcycle (276).jpg,Motorcycles,Motorcycles,0.9516
data\test\Motorcycles\Motorcycle (283).jpg,Motorcycles,Motorcycles,0.9359
data\test\Motorcycles\Motorcycle (285).jpg,Motorcycles,Motorcycles,0.9241
data\test\Motorcycles\Motorcycle (287).jpg,Motorcycles,Motorcycles,0.8989
data\test\Motorcycles\Motorcycle (290).jpg,Motorcycles,Motorcycles,0.8926
data\test\Motorcycles\Motorcycle (297).jpg,Motorcycles,Motorcycles,0.9313
data\test\Motorcycles\Motorcycle (306).jpg,Motorcycles,Motorcycles,0.9482
data\test\Motorcycles\Motorcycle (307).jpg,Motorcycles,Motorcycles,0.8884
data\test\Motorcycles\Motorcycle (312).jpg,Motorcycles,Motorcycles,0.7792
data\test\Motorcycles\Motorcycle (313).jpg,Motorcycles,Motorcycles,0.9017
data\test\Motorcycles\Motorcycle (32).jpg,Motorcycles,Motorcycles,0.9452
data\test\Motorcycles\Motorcycle (322).jpg,Motorcycles,Motorcycles,0.9020
data\test\Motorcycles\Motorcycle (326).jpg,Motorcycles,Motorcycles,0.9196
data\test\Motorcycles\Motorcycle (335).jpg,Motorcycles,Motorcycles,0.8837
data\test\Motorcycles\Motorcycle (342).jpg,Motorcycles,Motorcycles,0.9451
data\test\Motorcycles\Motorcycle (349).jpg,Motorcycles,Motorcycles,0.8682
data\test\Motorcycles\Motorcycle (35).jpg,Motorcycles,Motorcycles,0.9005
data\test\Motorcycles\Motorcycle (351).jpg,Motorcycles,Motorcycles,0.8527
data\test\Motorcycles\Motorcycle (356).jpg,Motorcycles,Motorcycles,0.8469
data\test\Motorcycles\Motorcycle (362).jpg,Motorcycles,Motorcycles,0.9165
data\test\Motorcycles\Motorcycle (364).jpg,Motorcycles,Motorcycles,0.9408
data\test\Motorcycles\Motorcycle (365).jpg,Motorcycles,Motorcycles,0.9029
data\test\Motorcycles\Motorcycle (367).jpg,Motorcycles,Motorcycles,0.8987
data\test\Motorcycles\Motorcycle (373).jpg,Motorcycles,Motorcycles,0.8820
data\test\Motorcycles\Motorcycle (374).jpg,Motorcycles,Motorcycles,0.9421
data\test\Motorcycles\Motorcycle (389).jpg,Motorcycles,Motorcycles,0.7289
data\test\Motorcycles\Motorcycle (391).jpg,Motorcycles,Motorcycles,0.9322
data\test\Motorcycles\Motorcycle (395).jpg,Motorcycles,Motorcycles,0.9337
data\test\Motorcycles\Motorcycle (399).jpg,Motorcycles,Motorcycles,0.9401
data\test\Motorcycles\Motorcycle (403).jpg,Motorcycles,Motorcycles,0.9008
data\test\Motorcycles\Motorcycle (414).jpg,Motorcycles,Motorcycles,0.9239
data\test\Motorcycles\Motorcycle (417).jpg,Motorcycles,Motorcycles,0.9295
data\test\Motorcycles\Motorcycle (418).jpg,Motorcycles,Motorcycles,0.8983
data\test\Motorcycles\Motorcycle (420).jpg,Motorcycles,Motorcycles,0.9145
data\test\Motorcycles\Motorcycle (425).jpg,Motorcycles,Motorcycles,0.9194
data\test\Motorcycles\Motorcycle (446).jpg,Motorcycles,Motorcycles,0.9135
data\test\Motorcycles\Motorcycle (449).jpg,Motorcycles,Motorcycles,0.8992
data\test\Motorcycles\Motorcycle (463).jpg,Motorcycles,Motorcycles,0.8611
data\test\Motorcycles\Motorcycle (474).jpg,Motorcycles,Motorcycles,0.9061
data\test\Motorcycles\Motorcycle (478).jpg,Motorcycles,Motorcycles,0.9015
data\test\Motorcycles\Motorcycle (48).jpg,Motorcycles,Motorcycles,0.9025
data\test\Motorcycles\Motorcycle (480).jpg,Motorcycles,Motorcycles,0.9148
data\test\Motorcycles\Motorcycle (485).jpg,Motorcycles,Motorcycles,0.9395
data\test\Motorcycles\Motorcycle (506).jpg,Motorcycles,Motorcycles,0.8985
data\test\Motorcycles\Motorcycle (522).jpg,Motorcycles,Motorcycles,0.8844
data\test\Motorcycles\Motorcycle (533).jpg,Motorcycles,Motorcycles,0.8960
data\test\Motorcycles\Motorcycle (534).jpg,Motorcycles,Motorcycles,0.8457
data\test\Motorcycles\Motorcycle (538).jpg,Motorcycles,Motorcycles,0.9033
data\test\Motorcycles\Motorcycle (539).jpg,Motorcycles,Motorcycles,0.9167
data\test\Motorcycles\Motorcycle (54).jpg,Motorcycles,Motorcycles,0.8861
data\test\Motorcycles\Motorcycle (540).jpg,Motorcycles,Motorcycles,0.9003
data\test\Motorcycles\Motorcycle (541).jpg,Motorcycles,Motorcycles,0.8749
data\test\Motorcycles\Motorcycle (545).jpg,Motorcycles,Motorcycles,0.8863
data\test\Motorcycles\Motorcycle (55).jpg,Motorcycles,Motorcycles,0.9024
data\test\Motorcycles\Motorcycle (561).jpg,Motorcycles,Motorcycles,0.9266
data\test\Motorcycles\Motorcycle (578).jpg,Motorcycles,Motorcycles,0.9232
data\test\Motorcycles\Motorcycle (584).jpg,Motorcycles,Motorcycles,0.8835
data\test\Motorcycles\Motorcycle (589).jpg,Motorcycles,Motorcycles,0.9331
data\test\Motorcycles\Motorcycle (590).jpg,Motorcycles,Motorcycles,0.9139
data\test\Motorcycles\Motorcycle (596).jpg,Motorcycles,Motorcycles,0.9293
data\test\Motorcycles\Motorcycle (60).jpg,Motorcycles,Motorcycles,0.9148
data\test\Motorcycles\Motorcycle (602).jpg,Motorcycles,Motorcycles,0.7732
data\test\Motorcycles\Motorcycle (606).jpg,Motorcycles,Motorcycles,0.8595
data\test\Motorcycles\Motorcycle (613).jpg,Motorcycles,Motorcycles,0.9144
data\test\Motorcycles\Motorcycle (615).jpg,Motorcycles,Motorcycles,0.8850
data\test\Motorcycles\Motorcycle (616).jpg,Motorcycles,Motorcycles,0.4544
data\test\Motorcycles\Motorcycle (617).jpg,Motorcycles,Motorcycles,0.7920
data\test\Motorcycles\Motorcycle (628).jpg,Motorcycles,Motorcycles,0.8989
data\test\Motorcycles\Motorcycle (64).jpg,Motorcycles,Motorcycles,0.9308
data\test\Motorcycles\Motorcycle (661).jpg,Motorcycles,Motorcycles,0.8972
data\test\Motorcycles\Motorcycle (663).jpg,Motorcycles,Motorcycles,0.9388
data\test\Motorcycles\Motorcycle (667).jpg,Motorcycles,Motorcycles,0.9174
data\test\Motorcycles\Motorcycle (688).jpg,Motorcycles,Motorcycles,0.9407
data\test\Motorcycles\Motorcycle (692).jpg,Motorcycles,Motorcycles,0.9024
data\test\Motorcycles\Motorcycle (695).jpg,Motorcycles,Motorcycles,0.8999
data\test\Motorcycles\Motorcycle (7).jpg,Motorcycles,Motorcycles,0.8919
data\test\Motorcycles\Motorcycle (70).jpg,Motorcycles,Motorcycles,0.9280
data\test\Motorcycles\Motorcycle (700).jpg,Motorcycles,Motorcycles,0.9152
data\test\Motorcycles\Motorcycle (703).jpg,Motorcycles,Motorcycles,0.8765
data\test\Motorcycles\Motorcycle (71).jpg,Motorcycles,Motorcycles,0.9036
data\test\Motorcycles\Motorcycle (716).jpg,Motorcycles,Motorcycles,0.8650
data\test\Motorcycles\Motorcycle (722).jpg,Motorcycles,Motorcycles,0.9255
data\test\Motorcycles\Motorcycle (727).jpg,Motorcycles,Motorcycles,0.9140
data\test\Motorcycles\Motorcycle (733).jpg,Motorcycles,Motorcycles,0.7803
data\test\Motorcycles\Motorcycle (735).jpg,Motorcycles,Motorcycles,0.9208
data\test\Motorcycles\Motorcycle (736).jpg,Motorcycles,Motorcycles,0.8525
data\test\Motorcycles\Motorcycle (738).jpg,Motorcycles,Motorcycles,0.8909
data\test\Motorcycles\Motorcycle (740).jpg,Motorcycles,Motorcycles,0.9292
data\test\Motorcycles\Motorcycle (745).jpg,Motorcycles,Motorcycles,0.8981
data\test\Motorcycles\Motorcycle (749).jpg,Motorcycles,Motorcycles,0.8723
data\test\Motorcycles\Motorcycle (75).jpg,Motorcycles,Motorcycles,0.8817
data\test\Motorcycles\Motorcycle (758).jpg,Motorcycles,Motorcycles,0.9050
data\test\Motorcycles\Motorcycle (764).jpg,Motorcycles,Motorcycles,0.9256
data\test\Motorcycles\Motorcycle (766).jpg,Motorcycles,Motorcycles,0.9064
data\test\Motorcycles\Motorcycle (768).jpg,Motorcycles,Motorcycles,0.9195
data\test\Motorcycles\Motorcycle (77).jpg,Motorcycles,Motorcycles,0.9236
data\test\Motorcycles\Motorcycle (778).jpg,Motorcycles,Motorcycles,0.9137
data\test\Motorcycles\Motorcycle (790).jpg,Motorcycles,Motorcycles,0.9111
data\test\Motorcycles\Motorcycle (791).jpg,Motorcycles,Motorcycles,0.9068
data\test\Motorcycles\Motorcycle (792).jpg,Motorcycles,Motorcycles,0.9275
data\test\Motorcycles\Motorcycle (84).jpg,Motorcycles,Motorcycles,0.9267
data\test\Motorcycles\Motorcycle (9).jpg,Motorcycles,Motorcycles,0.9587
data\test\Motorcycles\Motorcycle (99).jpg,Motorcycles,Motorcycles,0.9072
data\test\Planes\Plane (102).jpg,Planes,Planes,0.9313
data\test\Planes\Plane (12).jpg,Planes,Planes,0.8936
data\test\Planes\Plane (121).jpg,Planes,Planes,0.9047
data\test\Planes\Plane (125).jpg,Planes,Planes,0.8988
data\test\Planes\Plane (14).jpg,Planes,Planes,0.9466
data\test\Planes\Plane (157).jpg,Planes,Planes,0.9008
data\test\Planes\Plane (160).jpg,Planes,Planes,0.8741
data\test\Planes\Plane (177).jpg,Planes,Planes,0.9035
data\test\Planes\Plane (178).jpg,Planes,Planes,0.8859
data\test\Planes\Plane (189).jpg,Planes,Planes,0.9259
data\test\Planes\Plane (193).jpg,Planes,Planes,0.8999
data\test\Planes\Plane (196).jpg,Planes,Planes,0.9363
data\test\Planes\Plane (2).jpg,Planes,Planes,0.8787
data\test\Planes\Plane (203).jpg,Planes,Planes,0.9288
data\test\Planes\Plane (204).jpg,Planes,Planes,0.9685
data\test\Planes\Plane (205).jpg,Planes,Planes,0.9295
data\test\Planes\Plane (207).jpg,Planes,Planes,0.9340
data\test\Planes\Plane (222).JPG,Planes,Planes,0.9131
data\test\Planes\Plane (23).jpg,Planes,Planes,0.9328
data\test\Planes\Plane (238).png,Planes,Planes,0.9243
data\test\Planes\Plane (246).jpg,Planes,Planes,0.9016
data\test\Planes\Plane (250).jpg,Planes,Planes,0.8874
data\test\Planes\Plane (258).jpg,Planes,Planes,0.9347
data\test\Planes\Plane (26).jpg,Planes,Planes,0.9022
data\test\Planes\Plane (269).jpg,Planes,Planes,0.8912
data\test\Planes\Plane (270).jpg,Planes,Planes,0.8565
data\test\Planes\Plane (271).jpg,Planes,Planes,0.9232
data\test\Planes\Plane (280).jpg,Planes,Planes,0.9314
data\test\Planes\Plane (281).jpg,Planes,Planes,0.9236
data\test\Planes\Plane (289).jpg,Planes,Planes,0.9225
data\test\Planes\Plane (29).jpg,Planes,Planes,0.9016
data\test\Planes\Plane (297).jpg,Planes,Planes,0.9130
data\test\Planes\Plane (302).jpg,Planes,Planes,0.9156
data\test\Planes\Plane (303).jpg,Planes,Planes,0.8157
data\test\Planes\Plane (312).jpg,Planes,Planes,0.9099
data\test\Planes\Plane (319).jpg,Planes,Planes,0.8790
data\test\Planes\Plane (323).jpg,Planes,Planes,0.9142
data\test\Planes\Plane (337).jpg,Planes,Planes,0.9253
data\test\Planes\Plane (340).jpg,Planes,Planes,0.9635
data\test\Planes\Plane (356).jpg,Planes,Planes,0.9455
data\test\Planes\Plane (371).jpg,Planes,Planes,0.9436
data\test\Planes\Plane (373).jpg,Planes,Planes,0.9193
data\test\Planes\Plane (376).jpg,Planes,Planes,0.9143
data\test\Planes\Plane (380).jpg,Planes,Planes,0.8661
data\test\Planes\Plane (387).jpg,Planes,Planes,0.9304
data\test\Planes\Plane (388).jpg,Planes,Planes,0.9270
data\test\Planes\Plane (393).jpg,Planes,Planes,0.9171
data\test\Planes\Plane (4).jpg,Planes,Planes,0.9029
data\test\Planes\Plane (403).jpg,Planes,Planes,0.9097
data\test\Planes\Plane (415).jpg,Planes,Planes,0.9318
data\test\Planes\Plane (417).jpg,Planes,Planes,0.9259
data\test\Planes\Plane (42).jpg,Planes,Planes,0.9153
data\test\Planes\Plane (423).jpg,Planes,Planes,0.9226
data\test\Planes\Plane (437).jpg,Planes,Planes,0.9149
data\test\Planes\Plane (445).jpg,Planes,Planes,0.9107
data\test\Planes\Plane (458).jpg,Planes,Planes,0.9139
data\test\Planes\Plane (459).jpg,Planes,Planes,0.9012
data\test\Planes\Plane (460).jpg,Planes,Planes,0.8843
data\test\Planes\Plane (461).jpg,Planes,Planes,0.9184
data\test\Planes\Plane (465).jpg,Planes,Planes,0.9414
data\test\Planes\Plane (473).jpg,Planes,Planes,0.9400
data\test\Planes\Plane (483).jpg,Planes,Planes,0.9462
data\test\Planes\Plane (493).jpg,Planes,Planes,0.9242
data\test\Planes\Plane (496).png,Planes,Planes,0.9269
data\test\Planes\Plane (499).jpg,Planes,Planes,0.9082
data\test\Planes\Plane (503).jpg,Planes,Planes,0.9258
data\test\Planes\Plane (510).jpg,Planes,Planes,0.9112
data\test\Planes\Plane (514).jpg,Planes,Planes,0.9433
data\test\Planes\Plane (517).JPG,Planes,Planes,0.9106
data\test\Planes\Plane (52).jpg,Planes,Planes,0.9625
data\test\Planes\Plane (521).png,Planes,Planes,0.9688
data\test\Planes\Plane (526).jpg,Planes,Planes,0.9328
data\test\Planes\Plane (527).jpg,Planes,Planes,0.9139
data\test\Planes\Plane (539).jpg,Planes,Planes,0.9111
data\test\Planes\Plane (545).jpg,Planes,Planes,0.9292
data\test\Planes\Plane (551).jpg,Planes,Planes,0.8881
data\test\Planes\Plane (561).jpg,Planes,Planes,0.8929
data\test\Planes\Plane (570).jpg,Planes,Planes,0.9255
data\test\Planes\Plane (576).jpg,Planes,Planes,0.8909
data\test\Planes\Plane (579).jpg,Planes,Planes,0.9123
data\test\Planes\Plane (580).jpg,Planes,Planes,0.9022
data\test\Planes\Plane (587).jpg,Planes,Planes,0.9311
data\test\Planes\Plane (595).jpg,Planes,Planes,0.9223
data\test\Planes\Plane (609).jpg,Planes,Planes,0.8805
data\test\Planes\Plane (614).jpg,Planes,Planes,0.9085
data\test\Planes\Plane (616).jpg,Planes,Planes,0.9062
data\test\Planes\Plane (630).jpg,Planes,Planes,0.9157
data\test\Planes\Plane (632).jpg,Planes,Planes,0.9634
data\test\Planes\Plane (635).jpg,Planes,Planes,0.9379
data\test\Planes\Plane (641).jpg,Planes,Planes,0.9224
data\test\Planes\Plane (642).jpg,Planes,Planes,0.9004
data\test\Planes\Plane (644).jpg,Planes,Planes,0.9147
data\test\Planes\Plane (646).jpg,Planes,Planes,0.9240
data\test\Planes\Plane (650).jpg,Planes,Planes,0.9264
data\test\Planes\Plane (663).jpg,Planes,Planes,0.9184
data\test\Planes\Plane (666).jpg,Planes,Planes,0.8920
data\test\Planes\Plane (667).jpg,Planes,Planes,0.4968
data\test\Planes\Plane (67).jpg,Planes,Planes,0.9251
data\test\Planes\Plane (680).jpg,Planes,Planes,0.9321
data\test\Planes\Plane (69).jpg,Planes,Planes,0.9131
data\test\Planes\Plane (690).jpg,Planes,Planes,0.9139
data\test\Planes\Plane (698).jpg,Planes,Planes,0.9383
data\test\Planes\Plane (706).jpg,Planes,Planes,0.9286
data\test\Planes\Plane (718).webp,Planes,Planes,0.8916
data\test\Planes\Plane (724).jpg,Planes,Planes,0.9108
data\test\Planes\Plane (726).jpg,Planes,Planes,0.9188
data\test\Planes\Plane (73).jpg,Planes,Planes,0.9044
data\test\Planes\Plane (734).jpg,Planes,Planes,0.9130
data\test\Planes\Plane (735).jpg,Planes,Planes,0.8247
data\test\Planes\Plane (736).jpg,Planes,Planes,0.9205
data\test\Planes\Plane (737).jpg,Planes,Planes,0.9257
data\test\Planes\Plane (742).jpg,Planes,Planes,0.9149
data\test\Planes\Plane (755).jpg,Planes,Planes,0.9206
data\test\Planes\Plane (766).jpg,Planes,Planes,0.8902
data\test\Planes\Plane (773).jpg,Planes,Planes,0.8793
data\test\Planes\Plane (787).jpg,Planes,Planes,0.9194
data\test\Planes\Plane (789).jpg,Planes,Planes,0.9364
data\test\Planes\Plane (791).jpg,Planes,Planes,0.9106
data\test\Planes\Plane (793).jpg,Planes,Planes,0.9126
data\test\Planes\Plane (80).jpg,Planes,Planes,0.9258
data\test\Ships\Ship (1).jpg,Ships,Ships,0.9098
data\test\Ships\Ship (10).jpg,Ships,Ships,0.6600
data\test\Ships\Ship (109).jpg,Ships,Ships,0.9246
data\test\Ships\Ship (117).jpg,Ships,Ships,0.9229
data\test\Ships\Ship (119).jpg,Ships,Ships,0.9381
data\test\Ships\Ship (124).jpg,Ships,Ships,0.8947
data\test\Ships\Ship (129).jpg,Ships,Ships,0.9545
data\test\Ships\Ship (133).jpg,Ships,Ships,0.8905
data\test\Ships\Ship (143).jpg,Ships,Ships,0.9081
data\test\Ships\Ship (150).jpg,Ships,Ships,0.8835
data\test\Ships\Ship (153).jpg,Ships,Ships,0.9179
data\test\Ships\Ship (161).jpg,Ships,Ships,0.9182
data\test\Ships\Ship (166).png,Ships,Ships,0.8967
data\test\Ships\Ship (170).jpg,Ships,Ships,0.8770
data\test\Ships\Ship (180).jpg,Ships,Ships,0.8875
data\test\Ships\Ship (182).jpg,Ships,Ships,0.8959
data\test\Ships\Ship (192).jpg,Ships,Ships,0.9406
data\test\Ships\Ship (195).jpg,Ships,Ships,0.9196
data\test\Ships\Ship (199).jpg,Ships,Ships,0.9415
data\test\Ships\Ship (200).jpg,Ships,Ships,0.9133
data\test\Ships\Ship (216).jpg,Ships,Ships,0.8328
data\test\Ships\Ship (219).jpg,Ships,Ships,0.9215
data\test\Ships\Ship (224).jpg,Ships,Ships,0.9051
data\test\Ships\Ship (229).jpg,Ships,Ships,0.9072
data\test\Ships\Ship (23).jpg,Ships,Ships,0.8950
data\test\Ships\Ship (235).jpg,Ships,Ships,0.9213
data\test\Ships\Ship (244).jpg,Ships,Ships,0.8742
data\test\Ships\Ship (252).jpg,Ships,Ships,0.9471
data\test\Ships\Ship (253).jpg,Ships,Ships,0.8867
data\test\Ships\Ship (26).jpg,Ships,Ships,0.9080
data\test\Ships\Ship (260).jpg,Ships,Ships,0.8949
data\test\Ships\Ship (262).jpg,Ships,Ships,0.8311
data\test\Ships\Ship (267).jpg,Ships,Ships,0.9189
data\test\Ships\Ship (272).jpg,Ships,Ships,0.9164
data\test\Ships\Ship (285).jpg,Ships,Ships,0.8914
data\test\Ships\Ship (292).jpg,Ships,Ships,0.9026
data\test\Ships\Ship (300).jpg,Ships,Ships,0.9468
data\test\Ships\Ship (302).jpg,Ships,Ships,0.9415
data\test\Ships\Ship (304).jpg,Ships,Ships,0.9441
data\test\Ships\Ship (313).jpg,Ships,Ships,0.9250
data\test\Ships\Ship (318).jpg,Ships,Ships,0.8926
data\test\Ships\Ship (329).jpg,Ships,Ships,0.9558
data\test\Ships\Ship (335).jpg,Ships,Ships,0.8672
data\test\Ships\Ship (343).jpg,Ships,Ships,0.9544
data\test\Ships\Ship (370).jpg,Ships,Ships,0.8910
data\test\Ships\Ship (378).jpg,Ships,Ships,0.9223
data\test\Ships\Ship (382).jpg,Ships,Ships,0.9189
data\test\Ships\Ship (384).jpg,Ships,Ships,0.9289
data\test\Ships\Ship (391).jpg,Ships,Ships,0.9254
data\test\Ships\Ship (392).jpg,Ships,Ships,0.9333
data\test\Ships\Ship (394).jpg,Ships,Ships,0.9444
data\test\Ships\Ship (397).jpg,Ships,Ships,0.9314
data\test\Ships\Ship (398).png,Ships,Ships,0.9528
data\test\Ships\Ship (404).jpg,Ships,Ships,0.9392
data\test\Ships\Ship (408).jpg,Ships,Ships,0.9063
data\test\Ships\Ship (409).jpg,Ships,Ships,0.8857
data\test\Ships\Ship (412).jpg,Ships,Ships,0.9149
data\test\Ships\Ship (419).jpg,Ships,Ships,0.9390
data\test\Ships\Ship (421).jpg,Ships,Ships,0.8890
data\test\Ships\Ship (423).jpg,Ships,Ships,0.9332
data\test\Ships\Ship (428).jpg,Ships,Ships,0.9189
data\test\Ships\Ship (43).jpg,Ships,Ships,0.9311
data\test\Ships\Ship (435).jpg,Ships,Ships,0.8939
data\test\Ships\Ship (443).png,Ships,Ships,0.9261
data\test\Ships\Ship (448).jpg,Ships,Ships,0.7837
data\test\Ships\Ship (455).jpg,Ships,Ships,0.9225
data\test\Ships\Ship (46).jpg,Ships,Ships,0.9486
data\test\Ships\Ship (464).jpg,Ships,Ships,0.9197
data\test\Ships\Ship (486).jpg,Ships,Ships,0.9159
data\test\Ships\Ship (501).jpg,Ships,Ships,0.8784
data\test\Ships\Ship (502).jpg,Ships,Ships,0.7764
data\test\Ships\Ship (510).jpg,Ships,Ships,0.9127
data\test\Ships\Ship (54).jpg,Ships,Ships,0.8467
data\test\Ships\Ship (548).jpg,Ships,Ships,0.9483
data\test\Ships\Ship (551).jpg,Ships,Ships,0.9316
data\test\Ships\Ship (553).jpg,Ships,Ships,0.9057
data\test\Ships\Ship (557).jpg,Ships,Ships,0.9360
data\test\Ships\Ship (584).jpg,Ships,Ships,0.8504
data\test\Ships\Ship (585).jpg,Ships,Ships,0.9120
data\test\Ships\Ship (6).jpg,Ships,Ships,0.9355
data\test\Ships\Ship (617).jpg,Ships,Ships,0.9135
data\test\Ships\Ship (618).jpg,Ships,Ships,0.9155
data\test\Ships\Ship (619).jpg,Ships,Ships,0.9475
data\test\Ships\Ship (620).jpg,Ships,Ships,0.9452
data\test\Ships\Ship (622).jpg,Ships,Ships,0.9590
data\test\Ships\Ship (627).png,Ships,Ships,0.8675
data\test\Ships\Ship (64).jpg,Ships,Ships,0.8971
data\test\Ships\Ship (642).jpg,Ships,Ships,0.9323
data\test\Ships\Ship (644).jpg,Ships,Ships,0.9542
data\test\Ships\Ship (654).jpg,Ships,Ships,0.9220
data\test\Ships\Ship (663).jpg,Ships,Ships,0.8053
data\test\Ships\Ship (665).jpg,Ships,Ships,0.9473
data\test\Ships\Ship (686).jpg,Ships,Ships,0.9377
data\test\Ships\Ship (689).jpg,Ships,Ships,0.9235
data\test\Ships\Ship (698).jpg,Ships,Ships,0.8676
data\test\Ships\Ship (71).jpg,Ships,Ships,0.9187
data\test\Ships\Ship (712).jpg,Ships,Ships,0.8546
data\test\Ships\Ship (717).jpg,Ships,Ships,0.8805
data\test\Ships\Ship (734).jpg,Ships,Ships,0.9245
data\test\Ships\Ship (739).jpg,Ships,Ships,0.9245
data\test\Ships\Ship (742).jpg,Ships,Ships,0.9400
data\test\Ships\Ship (745).jpg,Ships,Ships,0.9428
data\test\Ships\Ship (746).jpg,Ships,Ships,0.7622
data\test\Ships\Ship (748).jpg,Ships,Ships,0.9542
data\test\Ships\Ship (749).jpg,Ships,Ships,0.9163
data\test\Ships\Ship (751).jpg,Ships,Ships,0.8261
data\test\Ships\Ship (760).jpg,Ships,Ships,0.9138
data\test\Ships\Ship (767).jpg,Ships,Ships,0.9214
data\test\Ships\Ship (777).jpg,Ships,Ships,0.9071
data\test\Ships\Ship (78).jpg,Ships,Ships,0.8979
data\test\Ships\Ship (783).jpg,Ships,Ships,0.8827
data\test\Ships\Ship (784).jpg,Ships,Ships,0.9400
data\test\Ships\Ship (789).jpg,Ships,Ships,0.8990
data\test\Ships\Ship (79).jpg,Ships,Ships,0.9009
data\test\Ships\Ship (793).jpg,Ships,Ships,0.9639
data\test\Ships\Ship (794).jpg,Ships,Ships,0.9488
data\test\Ships\Ship (8).jpg,Ships,Ships,0.9445
data\test\Ships\Ship (84).jpg,Ships,Ships,0.9365
data\test\Ships\Ship (9).jpg,Ships,Ships,0.7170
data\test\Ships\Ship (91).jpg,Ships,Ships,0.9285
data\test\Trains\Train (1).jpg,Trains,Trains,0.9437
data\test\Trains\Train (100).png,Trains,Trains,0.9266
data\test\Trains\Train (102).png,Trains,Trains,0.9340
data\test\Trains\Train (115).png,Trains,Trains,0.8488
data\test\Trains\Train (131).png,Trains,Trains,0.9702
data\test\Trains\Train (140).jpg,Trains,Trains,0.9167
data\test\Trains\Train (141).png,Trains,Trains,0.7379
data\test\Trains\Train (143).jpg,Trains,Trains,0.8837
data\test\Trains\Train (145).jpg,Trains,Trains,0.8922
data\test\Trains\Train (149).jpg,Trains,Trains,0.8640
data\test\Trains\Train (171).png,Trains,Trains,0.9093
data\test\Trains\Train (180).png,Trains,Trains,0.9435
data\test\Trains\Train (183).jpg,Trains,Trains,0.9529
data\test\Trains\Train (189).png,Trains,Trains,0.9008
data\test\Trains\Train (194).jpg,Trains,Trains,0.8541
data\test\Trains\Train (195).png,Trains,Trains,0.9247
data\test\Trains\Train (197).png,Trains,Trains,0.9354
data\test\Trains\Train (198).jpg,Trains,Trains,0.8963
data\test\Trains\Train (199).jpg,Trains,Trains,0.8909
data\test\Trains\Train (203).jpg,Trains,Trains,0.9225
data\test\Trains\Train (208).png,Trains,Trains,0.9077
data\test\Trains\Train (21).png,Trains,Trains,0.9422
data\test\Trains\Train (212).png,Trains,Trains,0.9297
data\test\Trains\Train (217).jpg,Trains,Trains,0.9379
data\test\Trains\Train (222).png,Trains,Trains,0.3476
data\test\Trains\Train (228).png,Trains,Trains,0.9203
data\test\Trains\Train (250).jpg,Trains,Trains,0.9030
data\test\Trains\Train (259).png,Trains,Trains,0.9214
data\test\Trains\Train (262).png,Trains,Trains,0.9433
data\test\Trains\Train (272).jpg,Trains,Trains,0.9297
data\test\Trains\Train (275).jpg,Trains,Trains,0.8830
data\test\Trains\Train (28).jpg,Trains,Trains,0.8738
data\test\Trains\Train (29).png,Trains,Trains,0.9305
data\test\Trains\Train (298).png,Trains,Trains,0.8962
data\test\Trains\Train (303).jpg,Trains,Trains,0.9220
data\test\Trains\Train (304).png,Trains,Trains,0.9496
data\test\Trains\Train (315).png,Trains,Trains,0.8737
data\test\Trains\Train (320).jpg,Trains,Trains,0.9359
data\test\Trains\Train (333).jpg,Trains,Trains,0.9130
data\test\Trains\Train (355).jpg,Trains,Trains,0.9284
data\test\Trains\Train (368).png,Trains,Trains,0.8793
data\test\Trains\Train (38).jpg,Trains,Trains,0.8788
data\test\Trains\Train (390).png,Trains,Trains,0.9499
data\test\Trains\Train (396).png,Trains,Trains,0.8723
data\test\Trains\Train (403).jpg,Trains,Trains,0.9103
data\test\Trains\Train (404).jpg,Trains,Trains,0.8829
data\test\Trains\Train (410).png,Trains,Trains,0.8861
data\test\Trains\Train (413).png,Trains,Trains,0.9438
data\test\Trains\Train (426).jpg,Trains,Trains,0.8750
data\test\Trains\Train (434).jpg,Trains,Trains,0.8843
data\test\Trains\Train (443).jpg,Trains,Trains,0.9190
data\test\Trains\Train (448).jpg,Trains,Trains,0.8915
data\test\Trains\Train (456).jpg,Trains,Trains,0.9317
data\test\Trains\Train (461).jpg,Trains,Trains,0.9191
data\test\Trains\Train (470).jpg,Trains,Trains,0.9013
data\test\Trains\Train (471).png,Trains,Trains,0.8777
data\test\Trains\Train (477).png,Trains,Trains,0.8682
data\test\Trains\Train (48).jpg,Trains,Trains,0.9210
data\test\Trains\Train (481).png,Trains,Trains,0.8242
data\test\Trains\Train (499).png,Trains,Trains,0.9523
data\test\Trains\Train (508).jpg,Trains,Trains,0.9370
data\test\Trains\Train (510).jpg,Trains,Trains,0.9075
data\test\Trains\Train (511).png,Trains,Trains,0.8779
data\test\Trains\Train (514).png,Trains,Trains,0.9354
data\test\Trains\Train (516).png,Trains,Trains,0.8965
data\test\Trains\Train (518).jpg,Trains,Trains,0.9394
data\test\Trains\Train (52).jpg,Trains,Trains,0.9154
data\test\Trains\Train (520).jpg,Trains,Trains,0.9150
data\test\Trains\Train (522).png,Trains,Trains,0.9420
data\test\Trains\Train (535).png,Trains,Trains,0.9228
data\test\Trains\Train (544).png,Trains,Trains,0.8971
data\test\Trains\Train (553).jpg,Trains,Trains,0.9391
data\test\Trains\Train (558).png,Trains,Trains,0.9092
data\test\Trains\Train (559).png,Trains,Trains,0.8928
data\test\Trains\Train (564).jpg,Trains,Trains,0.8898
data\test\Trains\Train (567).jpg,Trains,Trains,0.9030
data\test\Trains\Train (568).jpg,Trains,Trains,0.9118
data\test\Trains\Train (580).jpg,Trains,Trains,0.9216
data\test\Trains\Train (589).jpg,Trains,Trains,0.9204
data\test\Trains\Train (603).png,Trains,Trains,0.8686
data\test\Trains\Train (605).png,Trains,Trains,0.9399
data\test\Trains\Train (606).jpg,Trains,Trains,0.9289
data\test\Trains\Train (609).png,Trains,Trains,0.9174
data\test\Trains\Train (612).png,Trains,Trains,0.9349
data\test\Trains\Train (615).png,Trains,Trains,0.9111
data\test\Trains\Train (617).jpg,Trains,Trains,0.9056
data\test\Trains\Train (627).jpg,Trains,Trains,0.9137
data\test\Trains\Train (632).png,Trains,Trains,0.8924
data\test\Trains\Train (639).png,Trains,Trains,0.9008
data\test\Trains\Train (641).jpg,Trains,Trains,0.9168
data\test\Trains\Train (642).png,Trains,Trains,0.9182
data\test\Trains\Train (652).jpg,Trains,Trains,0.8945
data\test\Trains\Train (656).png,Trains,Trains,0.7864
data\test\Trains\Train (658).png,Trains,Trains,0.8801
data\test\Trains\Train (662).png,Trains,Trains,0.8367
data\test\Trains\Train (67).jpg,Trains,Trains,0.9182
data\test\Trains\Train (670).jpg,Trains,Trains,0.9077
data\test\Trains\Train (683).jpg,Trains,Trains,0.8644
data\test\Trains\Train (687).jpg,Trains,Trains,0.8691
data\test\Trains\Train (692).jpg,Trains,Trains,0.9375
data\test\Trains\Train (701).png,Trains,Trains,0.8940
data\test\Trains\Train (702).png,Trains,Trains,0.9490
data\test\Trains\Train (704).png,Trains,Trains,0.8729
data\test\Trains\Train (705).jpg,Trains,Trains,0.9342
data\test\Trains\Train (706).png,Trains,Trains,0.9095
data\test\Trains\Train (718).png,Trains,Trains,0.8984
data\test\Trains\Train (719).jpg,Trains,Trains,0.9422
data\test\Trains\Train (742).jpg,Trains,Trains,0.9057
data\test\Trains\Train (746).png,Trains,Trains,0.8845
data\test\Trains\Train (76).jpg,Trains,Trains,0.9197
data\test\Trains\Train (760).png,Trains,Trains,0.8545
data\test\Trains\Train (765).png,Trains,Trains,0.9452
data\test\Trains\Train (771).png,Trains,Trains,0.9262
data\test\Trains\Train (773).jpg,Trains,Trains,0.8871
data\test\Trains\Train (78).png,Trains,Trains,0.9482
data\test\Trains\Train (780).jpg,Trains,Trains,0.8904
data\test\Trains\Train (786).jpg,Trains,Trains,0.9433
data\test\Trains\Train (787).png,Trains,Trains,0.9148
data\test\Trains\Train (83).jpg,Trains,Trains,0.9034
data\test\Trains\Train (94).jpg,Trains,Trains,0.9117
